tipo_concesion,titular,titulo,uso,autoridad_emisora,fecha,volumen_aguas_nacionales_m3_anio_limpio,volumen_m3_anio_original_limpio,anexos_descarga,volumen_m3_dia_limpio,volumen_m3_anio_limpio,tiene_coordenadas,coordenadas_matches,latitud_decimal,longitud_decimal,lat_grados,lat_minutos,lat_segundos,lat_hemisferio,lon_grados,lon_minutos,lon_segundos,lon_hemisferio,estado_descarga,municipio_descarga,region_hidrologica,cuenca,cuerpo_receptor,descarga_afluente,procedencia,forma_descargar,tipo_descarga,numero_descarga,record_key
descarga_aguas_residuales,Grupo Osgumex S. De R.L. De C.V.,08JAL162319/12EMDA26,Servicios,Dirección De Administración Del Agua En El Organismo De Cuenca Lerma Santiago Pacífico,2026-03-27T00:00:00Z,0.0,0.0,0,3.64,1328.6000000000001,no,0,,,,,,,,,,,,,,,,,,,,,
descarga_aguas_residuales,Dsm Nutritional Products Mexico S.A. De C.V.,870719,Industrial,Organismo De Cuenca Lerma Santiago Pacifico,2025-04-12T00:00:00Z,0.0,0.0,1,0,0,si,1,20.49643138888889,-103.22187277777778,20,29,47.153,N,103,13,18.742,W,JALISCO,TLAJOMULCO DE ZÚÑIGA,LERMA-SANTIAGO,206,RIO,,,,,1,registro::870719
descarga_aguas_residuales,Impulsora De Transportes Mexicanos S.A. De C.V.,08JAL162291/12EKOC25,Servicios,Dirección General Del Organismo De Cuenca Lerma Santiago Pacífico,2025-11-13T00:00:00Z,0.0,0.0,0,59.4,21681,no,0,,,,,,,,,,,,,,,,,,,,,
descarga_aguas_residuales,Aislantes Y Empaques  S.A. De C.V.,08JAL162290/12IMOC25,Diferentes Usos,Dirección General Del Organismo De Cuenca Lerma Santiago Pacífico,2025-10-28T00:00:00Z,0.0,0.0,0,13.8,5037,no,0,,,,,,,,,,,,,,,,,,,,,
descarga_aguas_residuales,Gca Acabados Y Materiales S.A.P.I. De C.V.,08JAL162304/12EKOC25,Servicios,Dirección General Del Organismo De Cuenca Lerma Santiago Pacífico,2025-10-24T00:00:00Z,0.0,0.0,1,189,68985,si,1,20.480055555555555,-103.2713888888889,20,28,48.2,N,103,16,17.0,W,JALISCO,TLAJOMULCO DE ZÚÑIGA,LERMA-SANTIAGO,0,ARROYO,NULL,BODEGAS DENTRO DE UN PARQUE INDUSTRIAL ALQUILER SIN INTERMEDIACION,PERMANENTE,,1,registro::08JAL162304/12EKOC25
descarga_aguas_residuales,Tierra Y Armonia S.A. De C.V.,08JAL162292/12EKOC25,Servicios,Dirección General Del Organismo De Cuenca Lerma Santiago Pacífico,2025-07-30T00:00:00Z,0.0,0.0,1,473.42,172798.30000000002,si,1,20.527444444444445,-103.48683333333334,20,31,38.8,N,103,29,12.6,W,JALISCO,TLAJOMULCO DE ZÚÑIGA,LERMA-SANTIAGO,0,SUELO,NULL,SERVICIOS GENERALES,PERMANENTE,,1,registro::08JAL162292/12EKOC25
descarga_aguas_residuales,Tierra Y Armonia S.A. De C.V.,08JAL162294/12EQOC25,Servicios,Dirección General Del Organismo De Cuenca Lerma Santiago Pacífico,2025-06-24T00:00:00Z,0.0,0.0,1,596.16,217598.4,si,1,20.574305555555554,-103.49325,20,34,27.5,N,103,29,35.7,W,JALISCO,TLAJOMULCO DE ZÚÑIGA,LERMA-SANTIAGO,0,SUELO,NULL,CONSTRUCCION DE VIVIENDA RESIDENCIAL UNIFAMILIAR SUPERVISION,PERMANENTE,,1,registro::08JAL162294/12EQOC25
descarga_aguas_residuales,Tierra Y Armonia Construccion S.A. De C.V.,08JAL162295/12EMOC25,Servicios,Dirección General Del Organismo De Cuenca Lerma Santiago Pacífico,2025-06-24T00:00:00Z,0.0,0.0,1,109.59,40000.35,si,1,20.48413888888889,-103.48494444444445,20,29,2.9,N,103,29,5.8,W,JALISCO,TLAJOMULCO DE ZÚÑIGA,LERMA-SANTIAGO,0,SUELO,NULL,"CONSTRUCCION DE VIVIENDA RESIDENCIAL UNIFAMILIAR, SUPERVISION",PERMANENTE,,1,registro::08JAL162295/12EMOC25
descarga_aguas_residuales,Alen Del Norte  S.A. De C.V.,08JAL162270/12FQDA25,Industrial,Dirección De Administración Del Agua En El Organismo De Cuenca Lerma Santiago Pacífico,2025-05-15T00:00:00Z,0.0,0.0,2,113.7,41500.5,si,2,20.48902777777778,-103.26633333333334,20,29,20.5,N,103,15,58.8,W,JALISCO,TLAJOMULCO DE ZÚÑIGA,LERMA-SANTIAGO,0,SUELO,NULL,"DETERGENTES, FABRICACION",PERMANENTE,,1,registro::08JAL162270/12FQDA25
descarga_aguas_residuales,Mega Empack  S.A. De C.V S.A. De C.V.,866146,Industrial,Organismo De Cuenca Lerma Santiago Pacifico,2025-05-14T00:00:00Z,0.0,0.0,1,0,0,si,1,20.469214444444443,-103.41559000000001,20,28,9.172,N,103,24,56.124,W,JALISCO,TLAJOMULCO DE ZÚÑIGA,LERMA-SANTIAGO,206,SUELO,,,,,1,registro::866146
descarga_aguas_residuales,Home Depot Mexico  S. De R.L. De C.V.,08JAL162277/12EQDA25,Servicios,Dirección De Administración Del Agua En El Organismo De Cuenca Lerma Santiago Pacífico,2025-04-21T00:00:00Z,0.0,0.0,1,10.68,3898.2,si,1,20.568527777777778,-103.46005555555556,20,34,6.7,N,103,27,36.2,W,JALISCO,TLAJOMULCO DE ZÚÑIGA,LERMA-SANTIAGO,0,SUELO,NULL,BAÑOS Y VESTIDORES COMEDOR LIMPIEZA,PERMANENTE,,1,registro::08JAL162277/12EQDA25
descarga_aguas_residuales,Inercom Asesoria Industrial Sa De Cv,859856,Industrial,Organismo De Cuenca Lerma Santiago Pacifico,2024-07-15T00:00:00Z,0.0,0.0,1,0,0,si,1,20.49583638888889,-103.56825055555555,20,29,45.011,N,103,34,5.702,W,JALISCO,TLAJOMULCO DE ZÚÑIGA,LERMA-SANTIAGO,222,SUELO,,,,,1,registro::859856
descarga_aguas_residuales,Costco De Mexico  S.A. De C.V.,860747,Servicios,Organismo De Cuenca Lerma Santiago Pacifico,2024-06-13T00:00:00Z,0.0,0.0,1,0,0,si,1,20.578620833333332,-103.45029805555556,20,34,43.035,N,103,27,1.073,W,JALISCO,TLAJOMULCO DE ZÚÑIGA,LERMA-SANTIAGO,206,SUELO,,,,,1,registro::860747
descarga_aguas_residuales,Tierra Y Armonia S.A. De C.V.,859074,Servicios,Organismo De Cuenca Lerma Santiago Pacifico,2024-03-20T00:00:00Z,0.0,0.0,1,0,0,si,1,20.487390833333333,-103.2549175,20,29,14.607,N,103,15,17.703,W,JALISCO,TLAJOMULCO DE ZÚÑIGA,LERMA-SANTIAGO,206,RIO,,,,,1,registro::859074
descarga_aguas_residuales,Mf Grupo Empresarial  S.A. De C.V.,850633,Servicios,Organismo De Cuenca Lerma Santiago Pacifico,2022-11-16T00:00:00Z,0.0,0.0,1,0,0,si,1,20.49768527777778,-103.27536722222221,20,29,51.667,N,103,16,31.322,W,JALISCO,TLAJOMULCO DE ZÚÑIGA,LERMA-SANTIAGO,206,SUELO,,,,,1,registro::850633
descarga_aguas_residuales,Espaco Comcenters S.A. De C.V.,843113,Servicios,Organismo De Cuenca Lerma Santiago Pacifico,2022-09-14T00:00:00Z,0.0,0.0,2,0,0,si,2,20.489594722222222,-103.50801805555555,20,29,22.541,N,103,30,28.865,W,JALISCO,TLAJOMULCO DE ZÚÑIGA,LERMA-SANTIAGO,222,SUELO,,,,,1,registro::843113
descarga_aguas_residuales,Nueva Wal-mart De Mexico S. De R.L. De C.V.,842926,Servicios,Organismo De Cuenca Lerma Santiago Pacifico,2022-08-16T00:00:00Z,0.0,0.0,1,0,0,si,1,20.586235555555554,-103.44243833333334,20,35,10.448,N,103,26,32.778,W,JALISCO,TLAJOMULCO DE ZÚÑIGA,LERMA-SANTIAGO,206,SUELO,,,,,1,registro::842926
descarga_aguas_residuales,Prologis Property Mexico  S.A. De C.V.,847412,Servicios,Organismo De Cuenca Lerma Santiago Pacifico,2022-11-07T00:00:00Z,0.0,0.0,1,0,0,si,1,20.433141111111112,-103.24200055555556,20,25,59.308,N,103,14,31.202,W,JALISCO,TLAJOMULCO DE ZÚÑIGA,LERMA-SANTIAGO,206,SUELO,,,,,1,registro::847412
descarga_aguas_residuales,Empresa Innovadora De Productos Mexicanos S.A. De C.V.,845793,Industrial,Organismo De Cuenca Lerma Santiago Pacifico,2022-03-30T00:00:00Z,0.0,0.0,1,0,0,si,1,20.433166111111113,-103.24911305555555,20,25,59.398,N,103,14,56.807,W,JALISCO,TLAJOMULCO DE ZÚÑIGA,LERMA-SANTIAGO,206,SUELO,,,,,1,registro::845793
descarga_aguas_residuales,Costco De Mexico S.A De C.V,844841,Servicios,Organismo De Cuenca Lerma Santiago Pacifico,2022-02-15T00:00:00Z,0.0,0.0,1,0,0,si,1,20.578893333333333,-103.45026361111111,20,34,44.016,N,103,27,0.949,W,JALISCO,TLAJOMULCO DE ZÚÑIGA,LERMA-SANTIAGO,206,SUELO,,,,,1,registro::844841
descarga_aguas_residuales,Cepillos El Castor,843345,Industrial,Organismo De Cuenca Lerma Santiago Pacifico,2021-06-12T00:00:00Z,0.0,0.0,1,0,0,si,1,20.465039166666667,-103.50233194444445,20,27,54.141,N,103,30,8.395,W,JALISCO,TLAJOMULCO DE ZÚÑIGA,LERMA-SANTIAGO,222,RIO,,,,,1,registro::843345
descarga_aguas_residuales,Dal Sur Sa De Cv,839478,Servicios,Organismo De Cuenca Lerma Santiago Pacifico,2021-06-07T00:00:00Z,0.0,0.0,1,0,0,si,1,20.461301111111112,-103.51481111111111,20,27,40.684,N,103,30,53.32,W,JALISCO,TLAJOMULCO DE ZÚÑIGA,LERMA-SANTIAGO,222,RIO,,,,,1,registro::839478
descarga_aguas_residuales,Proyectos Inmobiliarios De Culiacan  S.A. De C.V.,810700,Servicios,Organismo De Cuenca Lerma Santiago Pacifico,2021-07-03T00:00:00Z,0.0,0.0,1,0,0,si,1,20.56111361111111,-103.48790083333333,20,33,40.009,N,103,29,16.443,W,JALISCO,TLAJOMULCO DE ZÚÑIGA,LERMA-SANTIAGO,206,RIO,,,,,1,registro::810700
descarga_aguas_residuales,Sello Rojo Del Norte S.A. De C.V.,835749,Industrial,Organismo De Cuenca Lerma Santiago Pacifico,2021-05-03T00:00:00Z,0.0,0.0,1,0,0,si,1,20.462500555555554,-103.24166611111112,20,27,45.002,N,103,14,29.998,W,JALISCO,TLAJOMULCO DE ZÚÑIGA,LERMA-SANTIAGO,206,RIO,,,,,1,registro::835749
descarga_aguas_residuales,Papeles Y Conversiones De Mexico Sa De Cv,825805,Industrial,Organismo De Cuenca Lerma Santiago Pacifico,2020-04-08T00:00:00Z,0.0,0.0,1,0,0,si,1,20.445153333333334,-103.47006166666667,20,26,42.552,N,103,28,12.222,W,JALISCO,TLAJOMULCO DE ZÚÑIGA,LERMA-SANTIAGO,222,RIO,,,,,1,registro::825805
descarga_aguas_residuales,Municipio De Tlajomulco De Zuñiga,822917,Publico Urbano,Organismo De Cuenca Lerma Santiago Pacifico,2020-04-06T00:00:00Z,0.0,0.0,1,0,0,si,1,20.556196944444444,-103.38663916666667,20,33,22.309,N,103,23,11.901,W,JALISCO,TLAJOMULCO DE ZÚÑIGA,LERMA-SANTIAGO,206,RIO,,,,,1,registro::822917
descarga_aguas_residuales,Pluvioso  S.A. De C.V.,811740,Servicios,Organismo De Cuenca Lerma Santiago Pacifico,2019-07-15T00:00:00Z,0.0,0.0,1,0,0,si,1,20.55355972222222,-103.46818777777779,20,33,12.815,N,103,28,5.476,W,JALISCO,TLAJOMULCO DE ZÚÑIGA,LERMA-SANTIAGO,206,SUELO,,,,,1,registro::811740
descarga_aguas_residuales,Grupo Collado  S.A. De C.V.,08JAL161464/12FMDA18,Industrial,Dirección De Administración Del Agua En El Organismo De Cuenca Lerma Santiago Pacífico,2019-01-15T00:00:00Z,0.0,0.0,1,2.5,912.5,si,1,20.436333333333334,-103.24547222222222,20,26,10.8,N,103,14,43.7,W,JALISCO,TLAJOMULCO DE ZÚÑIGA,LERMA-SANTIAGO,0,INFILTACION COMO RIEGO DE AREAS VERDES,INFILTRACION SUPERFICIAL,PROCESO INDUSTRIAL Y SERVICIOS,PERMANENTE,,1,registro::08JAL161464/12FMDA18
descarga_aguas_residuales,Nueva Walmart De Mexico S. De R.L. De C.V.,08JAL161108/12EMDA18,Servicios,Dirección De Administración Del Agua En El Organismo De Cuenca Lerma Santiago Pacífico,2018-08-28T00:00:00Z,0.0,0.0,1,109.77,40066.049999999996,si,1,20.495916666666666,-103.27241666666667,20,29,45.3,N,103,16,20.7,W,JALISCO,TLAJOMULCO DE ZÚÑIGA,LERMA-SANTIAGO,0,"INFILTRACION SUELO, RIEGO AREAS VERDES",INFILTRACION SUPERFICIAL,SERVICIOS SANITARIOS,PERMANENTE,,1,registro::08JAL161108/12EMDA18
descarga_aguas_residuales,Agropecuaria Los Cañones  S. De R.L. De C.V.,08JAL154619/12GMOC13,Pecuario,Dirección General Del Organismo De Cuenca Lerma Santiago Pacífico,2018-02-07T00:00:00Z,0.0,0.0,1,10.5,3832.5,si,1,20.44638888888889,-103.29638888888888,20,26,47.0,N,103,17,47.0,W,JALISCO,TLAJOMULCO DE ZÚÑIGA,LERMA-SANTIAGO,0,SUELO RIEGO AGRICOLA,INFILTRACION SUPERFICIAL,PORCICULTURA,INTERMITENTE,,1,registro::08JAL154619/12GMOC13
descarga_aguas_residuales,Productos Quimicos Avanzados S.A. De C.V.,08JAL159923/12FQDA17,Industrial,Dirección De Administración Del Agua En El Organismo De Cuenca Lerma Santiago Pacífico,2018-02-07T00:00:00Z,0.0,0.0,1,0.63,229.95,si,1,20.503722222222223,-103.27294444444445,20,30,13.4,N,103,16,22.6,W,JALISCO,TLAJOMULCO DE ZÚÑIGA,LERMA-SANTIAGO,0,INF. AL SUELO COMO RIEGO DE AREAS VERDES,INFILTRACION SUPERFICIAL,SANITARIOS Y SERVICIOS DE LIMPIEZA,PERMANENTE,,1,registro::08JAL159923/12FQDA17
descarga_aguas_residuales,Carlos Uruñuela Y Ladron De Guevara,08JAL160094/12ERDA17,Servicios,Dirección De Administración Del Agua En El Organismo De Cuenca Lerma Santiago Pacífico,2018-02-07T00:00:00Z,0.0,0.0,1,192,70080,si,1,20.533972222222225,-103.46766666666667,20,32,2.3,N,103,28,3.6,W,JALISCO,TLAJOMULCO DE ZÚÑIGA,LERMA-SANTIAGO,0,"CANAL PLUVIAL NATURAL S/N, AF. (VER ***)",RIO SANTIAGO,EFLUENTE DE P.T.A.R. DEL FRACC. RESIDENCIAL SAN AGUSTIN,PERMANENTE,,1,registro::08JAL160094/12ERDA17
descarga_aguas_residuales,Mantenimiento Quimico Industrial S.A. De C.V.,08JAL160449/12FMDA18,Industrial,Dirección De Administración Del Agua En El Organismo De Cuenca Lerma Santiago Pacífico,2018-01-06T00:00:00Z,0.0,0.0,1,15,5475,si,1,20.447777777777777,-103.42916666666667,20,26,52.0,N,103,25,45.0,W,JALISCO,TLAJOMULCO DE ZÚÑIGA,LERMA-SANTIAGO,0,INF. A SUELO COMO RIEGO DE AREAS VERDES,INFILTRACION SUPERFICIAL,PROCESO INDUSTRIAL Y SERVICIOS,PERMANENTE,,1,registro::08JAL160449/12FMDA18
descarga_aguas_residuales,Fijaciones Anticorrosivas S.A. De C.V.,08JAL160049/12FQDA17,Industrial,Dirección De Administración Del Agua En El Organismo De Cuenca Lerma Santiago Pacífico,2018-12-04T00:00:00Z,0.0,0.0,1,1.4,510.99999999999994,si,1,20.44425,-103.52119444444445,20,26,39.3,N,103,31,16.3,W,JALISCO,TLAJOMULCO DE ZÚÑIGA,LERMA-SANTIAGO,0,INFIL. AL SUELO VIA POZO DE ABSORCION,INFILTRACION SUPERFICIAL,PROCESO INDUSTRIAL Y SERVICIOS DE LA P.T.A.R.,INTERMITENTE,,1,registro::08JAL160049/12FQDA17
descarga_aguas_residuales,Ducoragro  S.A. De C.V.,08JAL159983/12FMDA17,Industrial,Dirección De Administración Del Agua En El Organismo De Cuenca Lerma Santiago Pacífico,2017-10-10T00:00:00Z,0.0,0.0,1,15,5475,si,1,20.481277777777777,-103.5393611111111,20,28,52.6,N,103,32,21.7,W,JALISCO,TLAJOMULCO DE ZÚÑIGA,LERMA-SANTIAGO,0,INF. SUP. COMO RIEGO DE AREAS VERDES,INFILTRACION SUPERFICIAL,SANITARIOS Y SERVICIOS,PERMANENTE,,1,registro::08JAL159983/12FMDA17
descarga_aguas_residuales,Envases Universales De Mexico S.A.P.I. De C.V.,JAL153540,Industrial,Organismo De Cuenca Lerma Santiago Pacifico,2017-10-10T00:00:00Z,0.0,0.0,1,0,0,si,1,20.49083361111111,-103.23566833333334,20,29,27.001,N,103,14,8.406,W,JALISCO,TLAJOMULCO DE ZÚÑIGA,LERMA-SANTIAGO,206,RIO,,,,,1,registro::JAL153540
descarga_aguas_residuales,Rotoplas S.A. De C.V.,08JAL157023/12EMDA17,Servicios,Dirección De Administración Del Agua En El Organismo De Cuenca Lerma Santiago Pacífico,2017-09-29T00:00:00Z,0.0,0.0,1,7.5,2737.5,si,1,20.456166666666665,-103.45361111111112,20,27,22.2,N,103,27,13.0,W,JALISCO,TLAJOMULCO DE ZÚÑIGA,LERMA-SANTIAGO,0,INFILTRACION SUPERFICIAL (** VER),INFILTRACION SUPERFICIAL,SANITARIOS Y SERVICIOS DE EMPLEADOS,PERMANENTE,,1,registro::08JAL157023/12EMDA17
descarga_aguas_residuales,Hrgm 1 S. De R.L. De C.V.,JAL156968,Servicios,Organismo De Cuenca Lerma Santiago Pacifico,2017-09-29T00:00:00Z,0.0,0.0,2,0,0,si,2,20.50463638888889,-103.28333611111111,20,30,16.691,N,103,17,0.01,W,JALISCO,TLAJOMULCO DE ZÚÑIGA,LERMA-SANTIAGO,206,,,,,,1,registro::JAL156968
descarga_aguas_residuales,Alimentos Finos De Occidente  S.A. De C.V.,08JAL156825/12FMDA17,Industrial,Dirección De Administración Del Agua En El Organismo De Cuenca Lerma Santiago Pacífico,2017-11-09T00:00:00Z,0.0,0.0,1,10.96,4000.4,si,1,20.492611111111113,-103.25991666666667,20,29,33.4,N,103,15,35.7,W,JALISCO,TLAJOMULCO DE ZÚÑIGA,LERMA-SANTIAGO,0,ARROYO SIN NOMBRE,RIO SANTIAGO,"SANITARIOS Y SERVICIOS DE COMEDOR,OFICINAS Y BAÑOS",INTERMITENTE,,1,registro::08JAL156825/12FMDA17
descarga_aguas_residuales,Tierra Y Armonia Construccion S.A. De C.V.,08JAL159924/12ERDA17,Servicios,Dirección De Administración Del Agua En El Organismo De Cuenca Lerma Santiago Pacífico,2017-11-09T00:00:00Z,0.0,0.0,1,1779.84,649641.6,si,1,20.487583333333333,-103.48441666666666,20,29,15.3,N,103,29,3.9,W,JALISCO,TLAJOMULCO DE ZÚÑIGA,LERMA-SANTIAGO,0,ARROYO SIN NOMBRE,RIO SANTIAGO,SERVICIOS,PERMANENTE,,1,registro::08JAL159924/12ERDA17
descarga_aguas_residuales,Proyectos Y Construcciones Los Cerezos  S.A. De C.V.,08JAL156826/12EMDA17,Servicios,Dirección De Administración Del Agua En El Organismo De Cuenca Lerma Santiago Pacífico,2017-08-09T00:00:00Z,0.0,0.0,1,282,102930,si,1,20.573694444444445,-103.49583333333334,20,34,25.3,N,103,29,45.0,W,JALISCO,TLAJOMULCO DE ZÚÑIGA,LERMA-SANTIAGO,0,"REPRESA SOBRE A.COLORADO, AF. R.SANTIAGO",RIO SANTIAGO,SANITARIOS Y SERVICIOS,PERMANENTE,,1,registro::08JAL156826/12EMDA17
descarga_aguas_residuales,P.H.I. Mexico S.A De C.V.,08JAL156879/12EMDA17,Servicios,Dirección De Administración Del Agua En El Organismo De Cuenca Lerma Santiago Pacífico,2017-08-09T00:00:00Z,0.0,0.0,1,1.85,675.25,si,1,20.430333333333333,-103.40205555555556,20,25,49.2,N,103,24,7.4,W,JALISCO,TLAJOMULCO DE ZÚÑIGA,LERMA-SANTIAGO,0,"I. AL SUBSUELO, PREDIO VASO DE LA LAGUNA",INFILTRACION SUPERFICIAL,"SANITARIOS Y SERVICIOS DE COMEDOR,OFICINAS Y BAÑOS",INTERMITENTE,,1,registro::08JAL156879/12EMDA17
descarga_aguas_residuales,Flextronics Technologies Mexico S De R.L. De C.V,08JAL154601/12FMDA16,Industrial,Dirección De Administración Del Agua En El Organismo De Cuenca Lerma Santiago Pacífico,2016-11-14T00:00:00Z,0.0,0.0,1,232.88,85001.2,si,1,20.578333333333333,-103.44305555555556,20,34,42.0,N,103,26,35.0,W,JALISCO,TLAJOMULCO DE ZÚÑIGA,LERMA-SANTIAGO,0,INFILTRACION COMO RIEGO DE AREAS VERDES,INFILTRACION SUPERFICIAL,SERVICIOS EN BAÑOS Y COCINA,PERMANENTE,,1,registro::08JAL154601/12FMDA16
descarga_aguas_residuales,Plasticos Irisagua  S.A. De C.V.,08JAL156212/12ERDA16,Servicios,Dirección De Administración Del Agua En El Organismo De Cuenca Lerma Santiago Pacífico,2016-11-14T00:00:00Z,0.0,0.0,6,34.06,12431.900000000001,si,6,20.460277777777776,-103.43555555555555,20,27,37.0,N,103,26,8.0,W,JALISCO,TLAJOMULCO DE ZÚÑIGA,LERMA-SANTIAGO,0,INFILTRACION SUP. RIEGO DE AREAS VERDES,NO APLICA,SANITARIOS Y SERVICIOS,PERMANENTE,,1,registro::08JAL156212/12ERDA16
descarga_aguas_residuales,Luis Guillermo Salcedo Villalobos,08JAL155941/12EMDA16,Servicios,Dirección De Administración Del Agua En El Organismo De Cuenca Lerma Santiago Pacífico,2016-08-02T00:00:00Z,0.0,0.0,1,187.5,68437.5,si,1,20.566972222222223,-103.49055555555556,20,34,1.1,N,103,29,26.0,W,JALISCO,TLAJOMULCO DE ZÚÑIGA,LERMA-SANTIAGO,0,ARROYO LA CULEBRA,RIO COLORADO,PTAR FRACCIONAMIENTO BOSQUE REAL,PERMANENTE,,1,registro::08JAL155941/12EMDA16
descarga_aguas_residuales,Casas Javer S.A. De C.V.,08JAL155718/12ERDA15,Servicios,Dirección De Administración Del Agua En El Organismo De Cuenca Lerma Santiago Pacífico,2016-01-15T00:00:00Z,0.0,0.0,1,5374.08,1961539.2,si,1,20.522333333333332,-103.44930555555555,20,31,20.4,N,103,26,57.5,W,JALISCO,TLAJOMULCO DE ZÚÑIGA,LERMA-SANTIAGO,0,ARROYO SIN NOMBRE,ARROYO SAN JUANATE,PLANTA DE TRATAMIENTO DE AGUAS RESIDUALES,PERMANENTE,,1,registro::08JAL155718/12ERDA15
descarga_aguas_residuales,Laboratorios Pisa S.A. De C.V.,JAL150885,Industrial,Organismo De Cuenca Lerma Santiago Pacifico,2016-01-15T00:00:00Z,0.0,0.0,2,0,0,si,2,20.48944611111111,-103.56611138888888,20,29,22.006,N,103,33,58.001,W,JALISCO,TLAJOMULCO DE ZÚÑIGA,LERMA-SANTIAGO,222,RIO,,,,,1,registro::JAL150885
descarga_aguas_residuales,Surfax  S.A. De C.V.,08JAL150190/12EMOC15,Servicios,Dirección General Del Organismo De Cuenca Lerma Santiago Pacífico,2015-11-19T00:00:00Z,0.0,0.0,1,0.5,182.5,si,1,20.46611111111111,-103.50055555555555,20,27,58.0,N,103,30,2.0,W,JALISCO,TLAJOMULCO DE ZÚÑIGA,LERMA-SANTIAGO,0,SUELO A TRAVES DE LECHO DE ABSORCION,INFILTRACION SUPERFICIAL,SANITARIOS,INTERMITENTE,,1,registro::08JAL150190/12EMOC15
descarga_aguas_residuales,Nueva Wal-mart De Mexico S. De R.L. De C.V.,JAL155530,Servicios,Organismo De Cuenca Lerma Santiago Pacifico,2015-05-26T00:00:00Z,0.0,0.0,1,0,0,si,1,20.586951944444444,-103.44230833333334,20,35,13.027,N,103,26,32.31,W,JALISCO,TLAJOMULCO DE ZÚÑIGA,LERMA-SANTIAGO,206,SUELO,,,,,1,registro::JAL155530
descarga_aguas_residuales,Barcel S.A. De C.V.,JAL155408,Industrial,Organismo De Cuenca Lerma Santiago Pacifico,2015-07-04T00:00:00Z,0.0,0.0,2,0,0,si,2,20.43680861111111,-103.3939725,20,26,12.511,N,103,23,38.301,W,JALISCO,TLAJOMULCO DE ZÚÑIGA,LERMA-SANTIAGO,206,RIO,,,,,1,registro::JAL155408
descarga_aguas_residuales,Comision Estatal Del Agua De Jalisco,08JAL155095/12HAOC15,Publico Urbano,Dirección General Del Organismo De Cuenca Lerma Santiago Pacífico,2015-06-03T00:00:00Z,1.766016E8,1.766016E8,3,387072,141281280,si,3,20.784722222222225,-103.32472222222222,20,47,5.0,N,103,19,29.0,W,JALISCO,ZAPOPAN,LERMA-SANTIAGO,0,RIO SANTIAGO,RIO SANTIAGO,EFLUENTE DE P.T.A.R. AGUA PRIETA,PERMANENTE,,1,registro::08JAL155095/12HAOC15
descarga_aguas_residuales,Sistema De Agua Potable  Alcantarillado Y Saneamiento Del Municipio De Tlajomulco De Zuñiga  Jalisco,08JAL155520/12HMOC14,Publico Urbano,Dirección General Del Organismo De Cuenca Lerma Santiago Pacífico,2015-12-02T00:00:00Z,0.0,0.0,3,6653,2428345,si,3,20.406,-103.31030555555556,20,24,21.6,N,103,18,37.1,W,JALISCO,TLAJOMULCO DE ZÚÑIGA,LERMA-SANTIAGO,0,LAGUNA DE CAJITITLAN,NO APLICA,"P.T.A.R. ""SAN MIGUEL CUYUTLAN""",PERMANENTE,,1,registro::08JAL155520/12HMOC14
descarga_aguas_residuales,Quimi-kao S.A. De C.V.,JAL131574,Industrial,Organismo De Cuenca Lerma Santiago Pacifico,2014-09-25T00:00:00Z,0.0,0.0,2,0,0,si,2,20.497778333333333,-103.22555555555556,20,29,52.002,N,103,13,32.0,W,JALISCO,TLAJOMULCO DE ZÚÑIGA,LERMA-SANTIAGO,206,RIO,,,,,1,registro::JAL131574
descarga_aguas_residuales,Municipio De Tlajomulco De Zuñiga  Jalisco,JAL155076,Servicios,Organismo De Cuenca Lerma Santiago Pacifico,2014-07-14T00:00:00Z,0.0,0.0,1,0,0,si,1,20.569030555555557,-103.48769472222223,20,34,8.51,N,103,29,15.701,W,JALISCO,TLAJOMULCO DE ZÚÑIGA,LERMA-SANTIAGO,206,RIO,,,,,1,registro::JAL155076
descarga_aguas_residuales,Jose Luis Ruiz Amador,JAL153414,Servicios,Organismo De Cuenca Lerma Santiago Pacifico,2014-06-27T00:00:00Z,0.0,0.0,1,0,0,si,1,20.538750555555556,-103.42772277777779,20,32,19.502,N,103,25,39.802,W,JALISCO,TLAJOMULCO DE ZÚÑIGA,LERMA-SANTIAGO,206,SUELO,,,,,1,registro::JAL153414
descarga_aguas_residuales,Viveica  S.A. De C.V,08JAL153942/12EMOC13,Servicios,Dirección General Del Organismo De Cuenca Lerma Santiago Pacífico,2014-01-23T00:00:00Z,0.0,0.0,1,245.4,89571,si,1,20.572277777777778,-103.47972222222222,20,34,20.2,N,103,28,47.0,W,JALISCO,TLAJOMULCO DE ZÚÑIGA,LERMA-SANTIAGO,0,INF. A SUELO COMO RIEGO DE AREAS VERDES,INFILTRACION SUPERFICIAL,SERVICIOS DEL FRACCIONAMIENTO,PERMANENTE,,1,registro::08JAL153942/12EMOC13
descarga_aguas_residuales,Secretaria De La Defensa Nacional (unidad Habitacional Militar Tlajomulco Y 8/o Batallon De Fuerzas Especiales),08JAL154482/12CMGC13,Doméstico,Gerencia De Servicios A Usuarios,2014-01-23T00:00:00Z,0.0,0.0,1,63.94,23338.1,si,1,20.538555555555558,-103.47558333333333,20,32,18.8,N,103,28,32.1,W,JALISCO,TLAJOMULCO DE ZÚÑIGA,LERMA-SANTIAGO,0,SUELO (RIEGO EN AREAS VERDES),NO APLICA,INSTALACIONES DE LA U.H.M. TLAJOMULCO Y 8/O BATALLON DE FUERZAS ESPECIALES,PERMANENTE,,1,registro::08JAL154482/12CMGC13
descarga_aguas_residuales,Zoltek De Mexico Sa De Cv S.A. De C.V.,JAL151928,Industrial,Organismo De Cuenca Lerma Santiago Pacifico,2014-01-23T00:00:00Z,0.0,0.0,2,0,0,si,2,20.482223055555554,-103.23138944444445,20,28,56.003,N,103,13,53.002,W,JALISCO,TLAJOMULCO DE ZÚÑIGA,LERMA-SANTIAGO,206,SUELO,,,,,1,registro::JAL151928
descarga_aguas_residuales,Recal Estructuras S.A. De C.V.,JAL154297,Industrial,Organismo De Cuenca Lerma Santiago Pacifico,2014-01-23T00:00:00Z,0.0,0.0,1,0,0,si,1,20.488817222222224,-103.24222222222222,20,29,19.742,N,103,14,32.0,W,JALISCO,TLAJOMULCO DE ZÚÑIGA,LERMA-SANTIAGO,206,SUELO,,,,,1,registro::JAL154297
descarga_aguas_residuales,Linconsa  S.A. De C.V.,08JAL151923/12FMOC13,Industrial,Dirección General Del Organismo De Cuenca Lerma Santiago Pacífico,2013-07-11T00:00:00Z,0.0,0.0,1,0.7,255.49999999999997,si,1,20.43425,-103.41300000000001,20,26,3.3,N,103,24,46.8,W,JALISCO,TLAJOMULCO DE ZÚÑIGA,LERMA-SANTIAGO,0,ARROYO SIN NOMBRE,ARROYO SIN NOMBRE,PROCESO INDUSTRIAL,PERMANENTE,,1,registro::08JAL151923/12FMOC13
descarga_aguas_residuales,Industrias Bithenia  S.P.R. De R.L. De C.V.,08JAL152390/12FMOC12,Industrial,Dirección General Del Organismo De Cuenca Lerma Santiago Pacífico,2013-07-11T00:00:00Z,0.0,0.0,1,1,365,si,1,20.499722222222225,-103.5786111111111,20,29,59.0,N,103,34,43.0,W,JALISCO,TLAJOMULCO DE ZÚÑIGA,LERMA-SANTIAGO,0,ARROYO/CANAL SIN NOMBRE AF.PRESA HURTADO,PRESA DE HURTADO,SANITARIOS Y SERVICIO A EMPLEADOS,PERMANENTE,,1,registro::08JAL152390/12FMOC12
descarga_aguas_residuales,Aislantes Y Empaques  S.A. De C.V.,08JAL153995/12FMOC13,Industrial,Dirección General Del Organismo De Cuenca Lerma Santiago Pacífico,2013-09-10T00:00:00Z,0.0,0.0,2,13.8,5037,si,2,20.49013888888889,-103.49180555555556,20,29,24.5,N,103,29,30.5,W,JALISCO,TLAJOMULCO DE ZÚÑIGA,LERMA-SANTIAGO,0,POZO DE ABSORCION,INFILTRACION SUPERFICIAL,SANITARIOS Y SERVICIOS,INTERMITENTE,,1,registro::08JAL153995/12FMOC13
descarga_aguas_residuales,Tecnojal  S.A. De C.V.,08JAL153441/12IMDA12,Diferentes Usos,Dirección De Administración Del Agua En El Organismo De Cuenca Lerma Santiago Pacífico,2013-12-09T00:00:00Z,0.0,0.0,2,8.25,3011.25,si,2,20.547777777777778,-103.485,20,32,52.0,N,103,29,6.0,W,JALISCO,TLAJOMULCO DE ZÚÑIGA,LERMA-SANTIAGO,0,SUELO A TRAVES DE LECHO DE ABSORCION,INFILTRACION SUPERFICIAL,PROCESO INDUSTRIAL Y PURGAS DE LAS CALDERAS,PERMANENTE,,1,registro::08JAL153441/12IMDA12
descarga_aguas_residuales,Mexico Inversiones Sa De Cv,JAL132164,Servicios,Organismo De Cuenca Lerma Santiago Pacifico,2013-11-06T00:00:00Z,0.0,0.0,1,0,0,si,1,20.59166972222222,-103.44166722222222,20,35,30.011,N,103,26,30.002,W,JALISCO,TLAJOMULCO DE ZÚÑIGA,LERMA-SANTIAGO,206,SUELO,,,,,1,registro::JAL132164
descarga_aguas_residuales,Forsac Mexico  S.A. De C.V.,08JAL152377/12FMOC12,Industrial,Dirección General Del Organismo De Cuenca Lerma Santiago Pacífico,2013-05-27T00:00:00Z,0.0,0.0,1,30,10950,si,1,20.499472222222224,-103.26911111111112,20,29,58.1,N,103,16,8.8,W,JALISCO,TLAJOMULCO DE ZÚÑIGA,LERMA-SANTIAGO,0,INFILTRACION COMO RIEGO DE AREAS VERDES,INFILTRACION SUPERFICIAL,"BAÑOS, SANITARIOS Y COMEDOR",PERMANENTE,,1,registro::08JAL152377/12FMOC12
descarga_aguas_residuales,Palets  Empaques Y Embalajes  S.A. De C.V.,08JAL152055/12FMDA17,Industrial,Dirección De Administración Del Agua En El Organismo De Cuenca Lerma Santiago Pacífico,2013-05-24T00:00:00Z,0.0,0.0,1,0.9,328.5,si,1,20.465999999999998,-103.50063888888889,20,27,57.6,N,103,30,2.3,W,JALISCO,TLAJOMULCO DE ZÚÑIGA,LERMA-SANTIAGO,0,INFILTRACION AL SUB. POR TUB. RANURADA,INFILTRACION SUPERFICIAL,SERVICIOS DE SANITARIOS Y COMEDOR,INTERMITENTE,,1,registro::08JAL152055/12FMDA17
descarga_aguas_residuales,Daido Metal Mexico S.A. De C.V.,JAL153329,Industrial,Organismo De Cuenca Lerma Santiago Pacifico,2013-09-04T00:00:00Z,0.0,0.0,1,0,0,si,1,20.497555000000002,-103.57433333333333,20,29,51.198,N,103,34,27.6,W,JALISCO,TLAJOMULCO DE ZÚÑIGA,LERMA-SANTIAGO,222,RIO,,,,,1,registro::JAL153329
descarga_aguas_residuales,Impulsora Del Valle De Tlajomulco  S.A. De C.V.,08JAL135301/12IMOC09,Diferentes Usos,Dirección General Del Organismo De Cuenca Lerma Santiago Pacífico,2012-07-17T00:00:00Z,0.0,0.0,1,700,255500,si,1,20.528972222222222,-103.36141666666666,20,31,44.3,N,103,21,41.1,W,JALISCO,TLAJOMULCO DE ZÚÑIGA,LERMA-SANTIAGO,0,ARROYO SIN NOMBRE,RIO SANTIAGO,PLANTA DE TRATAMIENTO,PERMANENTE,,1,registro::08JAL135301/12IMOC09
descarga_aguas_residuales,Valentin Dominguez Morales,08JAL137273/12GMOC10,Pecuario,Dirección General Del Organismo De Cuenca Lerma Santiago Pacífico,2011-09-19T00:00:00Z,0.0,0.0,1,28.8,10512,si,1,20.47611111111111,-103.55638888888889,20,28,34.0,N,103,33,23.0,W,JALISCO,TLAJOMULCO DE ZÚÑIGA,LERMA-SANTIAGO,0,SUELO RIEGO AGRICOLA,INFILTRACION SUPERFICIAL,CRIA Y ENGORDA DE CERDOS,PERMANENTE,,1,registro::08JAL137273/12GMOC10
descarga_aguas_residuales,Colonos Bsa  A.C.,08JAL138209/12EMOC11,Servicios,Dirección General Del Organismo De Cuenca Lerma Santiago Pacífico,2011-01-04T00:00:00Z,0.0,0.0,2,1200,438000,si,2,20.571944444444444,-103.48305555555555,20,34,19.0,N,103,28,59.0,W,JALISCO,TLAJOMULCO DE ZÚÑIGA,LERMA-SANTIAGO,0,RIEGO DE AREAS VERDES,INFILTRACION SUPERFICIAL,SERVICIOS DE FRACCIONAMIENTO ZONA NORTE,PERMANENTE,,1,registro::08JAL138209/12EMOC11
descarga_aguas_residuales,Dulces Vero  S.A.De C.V.,08JAL138203/12FMOC10,Industrial,Dirección General Del Organismo De Cuenca Lerma Santiago Pacífico,2011-11-02T00:00:00Z,0.0,0.0,1,35,12775,si,1,20.444166666666668,-103.39055555555557,20,26,39.0,N,103,23,26.0,W,JALISCO,TLAJOMULCO DE ZÚÑIGA,LERMA-SANTIAGO,0,CANAL SIN NOMBRE,LAGUNA DE CAJITITLAN,PROCESO INDUSTRIAL Y SERVICIOS,PERMANENTE,,1,registro::08JAL138203/12FMOC10
descarga_aguas_residuales,Consorcio De Ingenieria Integral  S.A. De C.V.,08JAL138204/12EMOC10,Servicios,Dirección General Del Organismo De Cuenca Lerma Santiago Pacífico,2011-11-02T00:00:00Z,0.0,0.0,1,1920,700800,si,1,20.552500000000002,-103.37083333333332,20,33,9.0,N,103,22,15.0,W,JALISCO,TLAJOMULCO DE ZÚÑIGA,LERMA-SANTIAGO,0,CANAL NATURAL SIN NOMBRE,RIO GRANDE DE SANTIAGO,SERVICIOS DE FRACCIONAMIENTO,PERMANENTE,,1,registro::08JAL138204/12EMOC10
descarga_aguas_residuales,Caja Popular San Rafael  S.C.De A.P. De R.L. De C.V.,08JAL134077/12EMDA18,Servicios,Dirección De Administración Del Agua En El Organismo De Cuenca Lerma Santiago Pacífico,2010-02-08T00:00:00Z,0.0,0.0,1,18.81,6865.65,si,1,20.485555555555557,-103.27333333333333,20,29,8.0,N,103,16,24.0,W,JALISCO,TLAJOMULCO DE ZÚÑIGA,LERMA-SANTIAGO,0,RIEGO DE AREAS VERDES,INFILTRACCION RIEGO DE AREAS VERDES,"BAÑOS, REGADERAS Y SERVICIOS DE CLUB DEPORTIVO",PERMANENTE,,1,registro::08JAL134077/12EMDA18
descarga_aguas_residuales,Ke Desarrolladora  S.A. De C.V.,08JAL137040/12EMOC10,Servicios,Dirección General Del Organismo De Cuenca Lerma Santiago Pacífico,2010-07-14T00:00:00Z,0.0,0.0,1,543.15,198249.75,si,1,20.45583333333333,-103.40777777777778,20,27,21.0,N,103,24,28.0,W,JALISCO,TLAJOMULCO DE ZÚÑIGA,LERMA-SANTIAGO,0,ARROYO LA CAJILOTA,RIO SANTIAGO,FRACCIONAMIENTO HABITACIONAL,PERMANENTE,,1,registro::08JAL137040/12EMOC10
descarga_aguas_residuales,Casas Javer  S.A. De C.V.,08JAL136474/12EMOC10,Servicios,Dirección General Del Organismo De Cuenca Lerma Santiago Pacífico,2010-07-06T00:00:00Z,0.0,0.0,1,1036,378140,si,1,20.84722222222222,-103.4263888888889,20,50,50.0,N,103,25,35.0,W,JALISCO,TLAJOMULCO DE ZÚÑIGA,LERMA-SANTIAGO,0,ARROYO O CANAL SIN NOMBRE,RIO GRANDE DE SANTIAGO,EFLUENTE DE PLANTA DE TRATAMIENTO,PERMANENTE,,1,registro::08JAL136474/12EMOC10
descarga_aguas_residuales,Geo Jalisco  S.A. De C.V.,08JAL136470/12EMOC10,Servicios,Dirección General Del Organismo De Cuenca Lerma Santiago Pacífico,2010-03-26T00:00:00Z,0.0,0.0,1,4380,1598700,si,1,20.474166666666665,-103.26583333333333,20,28,27.0,N,103,15,57.0,W,JALISCO,TLAJOMULCO DE ZÚÑIGA,LERMA-SANTIAGO,0,ARROYO SIN NOMBRE,RIO GRANDE DE SANTIAGO,SERVICIOS DOMESTICOS DE VIVIENDA,PERMANENTE,,1,registro::08JAL136470/12EMOC10
descarga_aguas_residuales,Consorcio Hogar De Occidente  S.A. De C.V.,08JAL136475/12EMOC10,Servicios,Dirección General Del Organismo De Cuenca Lerma Santiago Pacífico,2010-12-02T00:00:00Z,0.0,0.0,2,1314,479610,si,2,20.470555555555553,-103.25805555555556,20,28,14.0,N,103,15,29.0,W,JALISCO,TLAJOMULCO DE ZÚÑIGA,LERMA-SANTIAGO,0,ARROYO SIN NOMBRE,RIO GRANDE DE SANTIAGO,EFLUENTE DE PLANTA DE TRATAMIENTO,PERMANENTE,,1,registro::08JAL136475/12EMOC10
descarga_aguas_residuales,Domus Desarrolladora Inmobiliaria  S.A. De C.V.,08JAL134727/12EMOC09,Servicios,Dirección General Del Organismo De Cuenca Lerma Santiago Pacífico,2010-01-28T00:00:00Z,0.0,0.0,1,49.3,17994.5,si,1,20.500916666666665,-103.42055555555557,20,30,3.3,N,103,25,14.0,W,JALISCO,TLAJOMULCO DE ZÚÑIGA,LERMA-SANTIAGO,0,ARROYO SECO,RIO GRANDE DE SANTIAGO,EFLUENTE DE PLANTA DE TRATAMIENTO,PERMANENTE,,1,registro::08JAL134727/12EMOC09
descarga_aguas_residuales,Tequilas Del Señor  S.A. De C.V.,08JAL136048/12FMDA19,Industrial,Dirección De Administración Del Agua En El Organismo De Cuenca Lerma Santiago Pacífico,2009-12-15T00:00:00Z,0.0,0.0,3,33.45,12209.250000000002,si,3,20.435,-103.33666666666666,20,26,6.0,N,103,20,12.0,W,JALISCO,TLAJOMULCO DE ZÚÑIGA,LERMA-SANTIAGO,0,SUELO RIEGO AGRICOLA,INFILTRACION SUPERFICIAL,PROCESO INDUSTRIAL Y SERVICIOS,PERMANENTE,,1,registro::08JAL136048/12FMDA19
descarga_aguas_residuales,Geo Jalisco  S.A. De C.V.,08JAL136183/12EMOC09,Servicios,Dirección General Del Organismo De Cuenca Lerma Santiago Pacífico,2009-12-15T00:00:00Z,0.0,0.0,4,7684,2804660,si,4,20.441388888888888,-103.30722222222222,20,26,29.0,N,103,18,26.0,W,JALISCO,TLAJOMULCO DE ZÚÑIGA,LERMA-SANTIAGO,0,RIEGO DE AREAS VERDES,INFILTRACION SUPERFICIAL,EFLUENTE DE PLANTA DE TRATAMIENTO,PERMANENTE,,1,registro::08JAL136183/12EMOC09
descarga_aguas_residuales,Inmobiliaria Farder. S.A. De C.V.,JAL136055,Industrial,Organismo De Cuenca Lerma Santiago Pacifico,2009-12-15T00:00:00Z,0.0,0.0,2,0,0,si,2,20.470554999999997,-103.50055555555555,20,28,13.998,N,103,30,2.0,W,JALISCO,TLAJOMULCO DE ZÚÑIGA,LERMA-SANTIAGO,222,SUELO,,,,,1,registro::JAL136055
descarga_aguas_residuales,Jaime Alberto Suarez Navarro  Martha Georgina Suarez Navarro,JAL136080,Industrial,Organismo De Cuenca Lerma Santiago Pacifico,2009-12-15T00:00:00Z,0.0,0.0,2,0,0,si,2,20.437613055555556,-103.24558333333333,20,26,15.407,N,103,14,44.1,W,JALISCO,TLAJOMULCO DE ZÚÑIGA,LERMA-SANTIAGO,206,RIO,,,,,1,registro::JAL136080
descarga_aguas_residuales,Tequilas Del Señor,08JAL135715/12FSOC26,Industrial,Organismo De Cuenca Lerma Santiago Pacifico,2009-03-12T00:00:00Z,0.0,0.0,1,0,0,si,1,20.435,-103.33305555555555,20,26,6.0,N,103,19,59.0,W,JALISCO,TLAJOMULCO DE ZÚÑIGA,LERMA-SANTIAGO,206,RIO,,,,,1,registro::08JAL135715/12FSOC26
descarga_aguas_residuales,P.H.I. Mexico S.A. De C.V.,08JAL133522/12EMOC08,Servicios,Dirección General Del Organismo De Cuenca Lerma Santiago Pacífico,2009-07-23T00:00:00Z,0.0,0.0,3,5,1825,si,3,20.514722222222222,-103.48472222222222,20,30,53.0,N,103,29,5.0,W,JALISCO,TLAJOMULCO DE ZÚÑIGA,LERMA-SANTIAGO,0,INFILTRACION A POZO DE ABSORCION,INFILTRACION SUPERFICIAL,SANITARIOS Y SERVICIOS,PERMANENTE,,1,registro::08JAL133522/12EMOC08
descarga_aguas_residuales,Francisco Javier Lopez Trujillo,08JAL133869/12GPOC09,Pecuario,Dirección General Del Organismo De Cuenca Lerma Santiago Pacífico,2009-07-22T00:00:00Z,0.0,0.0,1,28,10220,si,1,20.441666666666666,-103.49861111111112,20,26,30.0,N,103,29,55.0,W,JALISCO,TLAJOMULCO DE ZÚÑIGA,LERMA-SANTIAGO,0,SUELO RIEGO AGRICOLA,INFILTRACION SUPERFICIAL,PECUARIA,PERMANENTE,,1,registro::08JAL133869/12GPOC09
descarga_aguas_residuales,Electromanufacturas S. De R.L. De C.V.,08JAL130680/12EMDA16,Servicios,Dirección De Administración Del Agua En El Organismo De Cuenca Lerma Santiago Pacífico,2009-07-01T00:00:00Z,0.0,0.0,1,16,5840,si,1,20.480555555555554,-103.49694444444445,20,28,50.0,N,103,29,49.0,W,JALISCO,TLAJOMULCO DE ZÚÑIGA,LERMA-SANTIAGO,0,RIEGO DE AREAS VERDES,INFILTRACION SUPERFICIAL,SERVICIOS,PERMANENTE,,1,registro::08JAL130680/12EMDA16
descarga_aguas_residuales,Cabi Outlet Guadalajara  S.A. De C.V.,08JAL132202/12EADA17,Servicios,Dirección De Administración Del Agua En El Organismo De Cuenca Lerma Santiago Pacífico,2008-11-20T00:00:00Z,0.0,0.0,1,270,98550,si,1,20.51638888888889,-103.4863888888889,20,30,59.0,N,103,29,11.0,W,JALISCO,TLAJOMULCO DE ZÚÑIGA,LERMA-SANTIAGO,0,INFILTRACION SUPERFICIAL,INFILTRACION SUPERFICIAL,SERVICIOS,PERMANENTE,,1,registro::08JAL132202/12EADA17
descarga_aguas_residuales,Sanmina-sci Systems De Mexico  S.A. De C.V.,08JAL132337/12IRDA18,Diferentes Usos,Dirección De Administración Del Agua En El Organismo De Cuenca Lerma Santiago Pacífico,2008-11-20T00:00:00Z,0.0,0.0,3,1208.8,441212,si,3,20.503333333333334,-103.2761111111111,20,30,12.0,N,103,16,34.0,W,JALISCO,TLAJOMULCO DE ZÚÑIGA,LERMA-SANTIAGO,0,INFILTRACION RIEGO AREAS VERDES,INFILTRACION SUPERFICIAL,TRATAMINETO DE AGUA SANITARIA DE BAÑOS Y COMEDOR,PERMANENTE,,1,registro::08JAL132337/12IRDA18
descarga_aguas_residuales,Industrializadora De Lacteos Santa Anita S.A. De C.V.,08JAL129954/12FMOC08,Industrial,Dirección General Del Organismo De Cuenca Lerma Santiago Pacífico,2008-08-28T00:00:00Z,0.0,0.0,1,9,3285,si,1,20.552777777777777,-103.45333333333333,20,33,10.0,N,103,27,12.0,W,JALISCO,TLAJOMULCO DE ZÚÑIGA,LERMA-SANTIAGO,0,ARROYO SANTA ANITA,RIO SANTIAGO,PROCESO INDUSTRIAL Y SERVICIOS,PERMANENTE,,1,registro::08JAL129954/12FMOC08
descarga_aguas_residuales,Aeropuerto De Guadalajara  S.A. De C.V.,JAL130598,Servicios,Organismo De Cuenca Lerma Santiago Pacifico,2007-11-29T00:00:00Z,0.0,0.0,4,0,0,si,4,20.53083611111111,-103.29833472222222,20,31,51.01,N,103,17,54.005,W,JALISCO,TLAJOMULCO DE ZÚÑIGA,LERMA-SANTIAGO,206,SUELO,,,,,1,registro::JAL130598
descarga_aguas_residuales,Tres Reyes De Cajititlan  S.A. De C.V.,08JAL129971/12EMDA17,Servicios,Dirección De Administración Del Agua En El Organismo De Cuenca Lerma Santiago Pacífico,2007-06-13T00:00:00Z,96000.0,0.0,1,76,27740,si,1,20.429444444444446,-103.34222222222222,20,25,46.0,N,103,20,32.0,W,JALISCO,TLAJOMULCO DE ZÚÑIGA,LERMA-SANTIAGO,0,LAGUNA DE CAJITITLAN,LAGUNA DE CAJITITLAN,SERVICIOS Y SANITARIOS,PERMANENTE,,1,registro::08JAL129971/12EMDA17
descarga_aguas_residuales,Condominio Santa Anita,08JAL129735/12HMGR06,Publico Urbano,Dirección General Del Organismo De Cuenca Lerma Santiago Pacífico,2007-05-29T00:00:00Z,0.0,0.0,2,1600,584000,si,2,20.541666666666668,-103.46388888888889,20,32,30.0,N,103,27,50.0,W,JALISCO,TLAJOMULCO DE ZÚÑIGA,LERMA-SANTIAGO,0,RIO SANTIAGO,INFILTRACION SUPERFICIAL,USO DOMESTICO Y SERVICIOS,INTERMITENTE (OCTUBRE A MAYO),,1,registro::08JAL129735/12HMGR06
descarga_aguas_residuales,Proyectos Inmobiliarios De Culiacan  S.A. De C.V.,08JAL129402/12EMGR06,Servicios,Dirección General Del Organismo De Cuenca Lerma Santiago Pacífico,2007-02-16T00:00:00Z,0.0,0.0,1,990,361350,si,1,20.490833333333335,-103.48138888888889,20,29,27.0,N,103,28,53.0,W,JALISCO,TLAJOMULCO DE ZÚÑIGA,LERMA-SANTIAGO,0,ARROYO SIN NOMBRE,ARROYO SIN NOMBRE,EFLUENTE DE PLANTA DE TRATAMIENTO,PERMANENTE,,1,registro::08JAL129402/12EMGR06
descarga_aguas_residuales,Proyectos Inmobiliarios De Culiacan  S.A. De C.V.,08JAL128118/12IMGR06,Diferentes Usos,Dirección General Del Organismo De Cuenca Lerma Santiago Pacífico,2006-09-10T00:00:00Z,0.0,0.0,1,343,125195,si,1,20.508333333333333,-103.37833333333333,20,30,30.0,N,103,22,42.0,W,JALISCO,TLAJOMULCO DE ZÚÑIGA,LERMA-SANTIAGO,0,CANAL NATURAL AFLUENTE ARROYO LAS PINTAS,RIO SANTIAGO,PLANTA DE TRATAMIENTO,PERMANENTE,,1,registro::08JAL128118/12IMGR06
descarga_aguas_residuales,Proyectos Inmobiliarios De Culiacan  S.A. De C.V.,08JAL129333/12IMGR06,Diferentes Usos,Dirección General Del Organismo De Cuenca Lerma Santiago Pacífico,2006-09-10T00:00:00Z,0.0,0.0,1,279,101835,si,1,20.506944444444443,-103.37222222222222,20,30,25.0,N,103,22,20.0,W,JALISCO,TLAJOMULCO DE ZÚÑIGA,LERMA-SANTIAGO,0,ARROYO S/N EFLUENTE PRESA EL CUERVO,RIO SANTIAGO,DOMESTICO,LIBRE CON TUBERIA,DIFERENTES USOS,1,registro::08JAL129333/12IMGR06
descarga_aguas_residuales,Proyectos Inmobiliarios De Culiacan  S.A. De C.V.,08JAL129272/12CMGR06,Doméstico,Dirección General Del Organismo De Cuenca Lerma Santiago Pacífico,2006-09-27T00:00:00Z,0.0,0.0,1,279,101835,si,1,20.508055555555554,-103.36638888888888,20,30,29.0,N,103,21,59.0,W,JALISCO,TLAJOMULCO DE ZÚÑIGA,LERMA-SANTIAGO,0,ARROYO S/N AFLUENTE PRESA EL CUERVO,RIO SANTIAGO,DOMESTICO,LIBRE CON TUBERIA,MUNICIPAL,1,registro::08JAL129272/12CMGR06
descarga_aguas_residuales,Francisco Javier De La Asuncion Gutierrez Hermosillo Corvera,08JAL128994/12EMGR06,Servicios,Dirección General Del Organismo De Cuenca Lerma Santiago Pacífico,2006-08-14T00:00:00Z,0.0,0.0,1,900.4,328646,si,1,20.467777777777776,-103.41833333333334,20,28,4.0,N,103,25,6.0,W,JALISCO,TLAJOMULCO DE ZÚÑIGA,LERMA-SANTIAGO,0,ARROYO S/N,LA PRESA EL ZAPATERO,SERVICIOS Y PUBLICO URBANO,PERMANENTE,,1,registro::08JAL128994/12EMGR06
descarga_aguas_residuales,Aislantes Y Empaques  S.A. De C.V.,08JAL128942/12IMGR06,Diferentes Usos,Dirección General Del Organismo De Cuenca Lerma Santiago Pacífico,2006-07-21T00:00:00Z,0.0,0.0,2,7.8,2847,si,2,20.491111111111113,-103.15694444444445,20,29,28.0,N,103,9,25.0,W,JALISCO,TLAJOMULCO DE ZÚÑIGA,LERMA-SANTIAGO,0,INFILTRACION POZO DE ABSORCION,INFILTRACION SUPERFICIAL,PROCESO INDUSTRIAL,PERMANENTE,,1,registro::08JAL128942/12IMGR06
descarga_aguas_residuales,Comision Estatal Del Agua De Jalisco,JAL125681,Publico Urbano,Organismo De Cuenca Lerma Santiago Pacifico,2006-01-18T00:00:00Z,3.248208E8,3.248208E8,5,889920,324820800,si,5,20.784724444444446,-103.32472277777778,20,47,5.008,N,103,19,29.002,W,JALISCO,ZAPOPAN,LERMA-SANTIAGO,207,EMBALSES NATURALES Y ARTIFICIALES,,,,,1,registro::JAL125681
descarga_aguas_residuales,Proyectos Inmobiliarios De Culiacan  S.A. De C.V.,08JAL128116/12IAGR05,Diferentes Usos,Dirección General Del Organismo De Cuenca Lerma Santiago Pacífico,2005-10-21T00:00:00Z,0.0,0.0,1,1465,534725,si,1,20.513055555555557,-103.36333333333333,20,30,47.0,N,103,21,48.0,W,JALISCO,TLAJOMULCO DE ZÚÑIGA,LERMA-SANTIAGO,0,ARROYO DOLORES AFLUENTE ARROYO S/N,RIO SANTIAGO,PLANTA DE TRATAMIENTO,PERMANENTE,,1,registro::08JAL128116/12IAGR05
descarga_aguas_residuales,Proyectos Inmobiliarios De Culiacan  S.A. De C.V.,08JAL128117/12IAGR05,Diferentes Usos,Dirección General Del Organismo De Cuenca Lerma Santiago Pacífico,2005-10-21T00:00:00Z,0.0,0.0,1,611.1,223051.5,si,1,20.513055555555557,-103.37833333333333,20,30,47.0,N,103,22,42.0,W,JALISCO,TLAJOMULCO DE ZÚÑIGA,LERMA-SANTIAGO,0,DREN NATURAL,RIO SANTIAGO,PLANTA DE TRATAMIENTO,PERMANENTE,,1,registro::08JAL128117/12IAGR05
descarga_aguas_residuales,Siemens  S.A. De C.V.,JAL128013,Industrial,Organismo De Cuenca Lerma Santiago Pacifico,2005-08-07T00:00:00Z,0.0,0.0,1,0,0,si,1,20.581669722222223,-103.44305583333333,20,34,54.011,N,103,26,35.001,W,JALISCO,TLAJOMULCO DE ZÚÑIGA,LERMA-SANTIAGO,206,SUELO,,,,,1,registro::JAL128013
descarga_aguas_residuales,Proyectos Inmobiliarios De Culiacan  S.A. De C.V.,08JAL127904/12IMGR05,Diferentes Usos,Dirección General Del Organismo De Cuenca Lerma Santiago Pacífico,2005-01-06T00:00:00Z,0.0,0.0,1,746.9,272618.5,si,1,20.5125,-103.38277777777778,20,30,45.0,N,103,22,58.0,W,JALISCO,TLAJOMULCO DE ZÚÑIGA,LERMA-SANTIAGO,0,DREN NATURAL,RIO SANTIAGO,PLANTA DE TRATAMIENTO,PERMANENTE,,1,registro::08JAL127904/12IMGR05
descarga_aguas_residuales,Estopas Tratadas  S.A. De C.V.,08JAL124064/12FMGR01,Industrial,Dirección General Del Organismo De Cuenca Lerma Santiago Pacífico,2001-03-05T00:00:00Z,0.0,0.0,1,0.11,40.15,si,1,20.467499999999998,-103.22777777777777,20,28,3.0,N,103,13,40.0,W,JALISCO,TLAJOMULCO DE ZÚÑIGA,LERMA-SANTIAGO,0,ARRROYO SIN NOMBRE,NO APLICA,PROCESO INDUSTRIAL,PERMANENTE,,1,registro::08JAL124064/12FMGR01
descarga_aguas_residuales,Mega Empack  S.A. De C.V.,08JAL113301/12FPOC12,Industrial,Dirección General Del Organismo De Cuenca Lerma Santiago Pacífico,1999-10-18T00:00:00Z,0.0,0.0,1,1.72,627.8,si,1,20.432222222222222,-103.57638888888889,20,25,56.0,N,103,34,35.0,W,JALISCO,TLAJOMULCO DE ZÚÑIGA,LERMA-SANTIAGO,0,ARROYO SIN NOMBRE,NO APLICABLE,SERVICIOS SANITARIOS,PERMANENTE,,1,registro::08JAL113301/12FPOC12
descarga_aguas_residuales,Norma Patricia Kirshner Pujadas,08JAL113510/12EMGR99,Servicios,Dirección General Del Organismo De Cuenca Lerma Santiago Pacífico,1999-10-18T00:00:00Z,0.0,0.0,2,18.96,6920.400000000001,si,2,20.558333333333334,-103.45833333333334,20,33,30.0,N,103,27,30.0,W,JALISCO,TLAJOMULCO DE ZÚÑIGA,LERMA-SANTIAGO,0,SUELO INFILTRACION EN POZO DE ABSORCION,NO APLICABLE,SERVICIOS DE DESARROLLO HABITACIONAL,PERMANENTE,,1,registro::08JAL113510/12EMGR99
descarga_aguas_residuales,Productos Quimicos Jela  S.A. De C.V.,08JAL108197/12FPGR98,Industrial,Dirección General Del Organismo De Cuenca Lerma Santiago Pacífico,1998-02-07T00:00:00Z,0.0,0.0,1,15,5475,si,1,20.490277777777777,-103.25944444444444,20,29,25.0,N,103,15,34.0,W,JALISCO,TLAJOMULCO DE ZÚÑIGA,LERMA-SANTIAGO,0,CANAL SIN NOMBRE,ARROYO EL AHOGADO,"SERVICIOS SANITARIOS, COMEDOR, LABORATORIO Y PROCESO INDUSTRIAL",CANAL,INDUSTRIAL,1,registro::08JAL108197/12FPGR98
descarga_aguas_residuales,Asociacion Para La Proteccion De Enfermos Desamparados Especialmente Incurables  A.C.,08JAL104409/12EMGE97,Servicios,Gerencia Estatal En Jalisco,1998-03-03T00:00:00Z,0.0,0.0,2,3.87,1412.55,si,2,20.573055555555555,-103.45333333333333,20,34,23.0,N,103,27,12.0,W,JALISCO,TLAJOMULCO DE ZÚÑIGA,LERMA-SANTIAGO,0,ACUIFERO (FOSA SEPTICA),NO APLICABLE,SANITARIOS Y COMEDOR,PERMANENTE,,1,registro::08JAL104409/12EMGE97
descarga_aguas_residuales,Euzkola S.A. De C.V.,08JAL106636/12FMOC26,Industrial,Organismo De Cuenca Lerma Santiago Pacifico,1998-01-20T00:00:00Z,0.0,0.0,1,0,0,si,1,20.42500027777778,-103.48888916666667,20,25,30.001,N,103,29,20.001,W,JALISCO,TLAJOMULCO DE ZÚÑIGA,LERMA-SANTIAGO,222,RIO,,,,,1,registro::08JAL106636/12FMOC26
descarga_aguas_residuales,Harinera De Maiz De Jalisco  S.A. De C.V.,08JAL105323/12FMGE97,Industrial,Gerencia Estatal En Jalisco,1997-06-17T00:00:00Z,0.0,0.0,1,1111,405515,si,1,20.56527777777778,-103.36388888888888,20,33,55.0,N,103,21,50.0,W,JALISCO,TLAJOMULCO DE ZÚÑIGA,LERMA-SANTIAGO,0,AREAS VERDES,,INDUSTRIAL Y SERVICIOS,PERMANENTE,,1,registro::08JAL105323/12FMGE97
descarga_aguas_residuales,Manantiales Peñafiel Sa De Cv S.A. De C.V.,JAL103644,Industrial,Organismo De Cuenca Lerma Santiago Pacifico,1996-10-06T00:00:00Z,0.0,0.0,1,0,0,si,1,20.428890833333334,-103.42888972222222,20,25,44.007,N,103,25,44.003,W,JALISCO,TLAJOMULCO DE ZÚÑIGA,LERMA-SANTIAGO,206,RIO,,,,,1,registro::JAL103644
descarga_aguas_residuales,Condominio Santa Anita,4JAL101599/12CMGE95,Doméstico,Gerencia Estatal En Jalisco,1995-07-24T00:00:00Z,0.0,0.0,2,2304,840960,si,2,20.56722222222222,-103.47083333333333,20,34,2.0,N,103,28,15.0,W,JALISCO,TLAJOMULCO DE ZÚÑIGA,LERMA-SANTIAGO,0,INFILT. SUPER. (CAMPO DE GOLF),NO APLICABLE,SERVICIOS DOMESTICOS,INFILTRACION SUPERFICIAL,,1,registro::4JAL101599/12CMGE95
